id,text
1,"NFL Free Agency is one of my favorite times of year for content. Finding out where players land and then analyzing the Fantasy Football implications to follow is a process I have fully embraced as a content creator for years."
2,"With the NFL offseason also comes shifts in Dynasty Fantasy Football values, and it is important to understand those changes. Today, we look at the ""losers"" of NFL free agency."
3,"The Vikings signed Kyler Murray to a one-year, $1.3 million contract. This is not a quarterback competition; this was a statement by Minnesota."
4,"Michael Penix Jr. was selected in the first round of the 2024 NFL Draft. Penix has not displayed passing competence since entering the league, and I regard Tua as the much better talent."
5,"Trey Benson rushed for 291 yards in 2024, 160 yards in 2025. Many Dynasty managers have been waiting patiently for Benson to take over the backfield, but this looks far from reality now."
6,"Get ready for the inevitable roller coaster ride - we'll start with Hasson Reddick's trade demand and JD's stomping of a response."
7,"Never a dull moment with this franchise!"
8,"The Jets traded for him knowing full well that he wanted a new contract. Why tf did they trade for him in the first place?"
9,"He wasn't willing to play under his existing contract in Philly, and dug his heels in for a big contract there until they traded him, why would he suddenly say sure Jets, I'll play under the current contract. No way."
10,"If we're being honest....I don't think the Jets had any intention of giving him a long term deal. They're just as much to blame for this situation as he is."
11,"CMC is washed lol. dude can't stay healthy for more than 3 games, sell him while u still can"
12,"just traded Jamarr for Nico Collins and a 1st... am I crazy or is that a W? Nico was on pace for WR1 overall before the injury"
13,"Saquon is absolutely feasting in Philly. Anyone who sold him after he left NYG is punching the air rn"
14,"idk why ppl are still holding CeeDee. Dak is cooked and whoever they draft isn't gonna be better. Lamb's ceiling just got way lower imo"
15,"lmao imagine rostering Bryce Young in a SF league. guy looks lost out there, worst 1st overall pick in recent memory"
16,"hot take but I think Bijan is overrated in dynasty. falcons oline is trash and kirk cousins isn't scaring anyone. sell high before ppl realize"
17,"Tyreek still putting up WR1 numbers at 31 yrs old... absolute freak of nature. cheetah don't slow down 🐆"
18,"so TB12 retired and now every mediocre QB thinks they can play til 45 lmaooo. looking at you Aaron Rodgers"
19,"just picked up De'Von Achane off waivers in my 10 team league??? how was this man available, he's RB1 ros easily"
20,"Lamar Jackson is the most entertaining player in football and it's not close. dude is an absolute cheat code in fantasy, been carrying my team since week 1"
21,"PSA: do NOT drop Puka Nacua. yes he's been quiet but the talent is unreal, he's gonna eat second half of the season"
22,"breece hall owners in shambles rn. jets offense is unwatchable and they're talking about bringing in another back. might have to cut my losses"
23,"Travis Kelce finally showing his age tbh. still a top 5 TE but the days of him being a league winner are over, don't pay TE premium for him"
24,"anyone else notice JSN has been lowkey balling out? dude went from bust to must-start in like 4 weeks. the hate was always overblown"
25,"I will die on the hill that Stroud is QB1 dynasty. 22 years old, already elite, and has weapons everywhere. CJ Stroud is generational"
